timestamp,UHE MASCARENHAS JUSANTE,PCH SAO LUIZ MONTANTE 1,COLATINA PONTE
2023-11-01 00:00:00,194.16,6.9,331.51
2023-11-01 01:00:00,194.16,7.04,356.05
2023-11-01 02:00:00,194.16,7.93,376.09
2023-11-01 03:00:00,194.16,10.19,406.8
2023-11-01 04:00:00,194.16,16.5,406.8
2023-11-01 05:00:00,194.16,29.65,391.35
2023-11-01 06:00:00,194.16,45.26,366.03
2023-11-01 07:00:00,194.16,49.08,346.17
2023-11-01 08:00:00,194.16,46.34,326.67
2023-11-01 09:00:00,194.16,41.58,312.29
2023-11-01 10:00:00,194.16,37.07,298.12
2023-11-01 11:00:00,194.16,35.62,288.8
2023-11-01 12:00:00,194.16,43.66,284.17
2023-11-01 13:00:00,194.16,51.9,279.57
2023-11-01 14:00:00,194.16,53.63,279.57
2023-11-01 15:00:00,194.16,53.05,279.57
2023-11-01 16:00:00,194.16,50.2,284.17
2023-11-01 17:00:00,194.16,46.34,293.45
2023-11-01 18:00:00,194.16,42.62,302.82
2023-11-01 19:00:00,194.16,37.56,317.06
2023-11-01 20:00:00,194.16,33.26,326.67
2023-11-01 21:00:00,194.16,30.09,351.1
2023-11-01 22:00:00,194.16,27.92,
2023-11-01 23:00:00,194.16,25.82,386.24
2023-11-02 00:00:00,194.16,24.6,396.48
2023-11-02 01:00:00,194.16,23.01,406.8
2023-11-02 02:00:00,194.16,21.86,417.21
2023-11-02 03:00:00,194.16,21.1,422.45
2023-11-02 04:00:00,194.16,20.36,427.71
2023-11-02 05:00:00,194.16,19.27,422.45
2023-11-02 06:00:00,194.16,18.91,417.21
2023-11-02 07:00:00,194.16,18.55,412.0
2023-11-02 08:00:00,194.16,18.55,406.8
2023-11-02 09:00:00,194.16,18.91,406.8
2023-11-02 10:00:00,194.16,19.63,406.8
2023-11-02 11:00:00,194.16,21.1,417.21
2023-11-02 12:00:00,194.16,21.1,422.45
2023-11-02 13:00:00,194.16,20.36,432.98
2023-11-02 14:00:00,194.16,18.91,443.6
2023-11-02 15:00:00,194.16,18.2,438.28
2023-11-02 16:00:00,194.16,17.17,443.6
2023-11-02 17:00:00,194.16,17.17,454.31
2023-11-02 18:00:00,194.16,16.5,459.69
2023-11-02 19:00:00,194.16,16.16,459.69
2023-11-02 20:00:00,194.16,15.83,
2023-11-02 21:00:00,194.16,15.19,
2023-11-02 22:00:00,194.16,14.87,459.69
2023-11-02 23:00:00,194.16,14.55,465.09
2023-11-03 00:00:00,194.16,14.24,459.69
2023-11-03 01:00:00,194.16,13.62,459.69
2023-11-03 02:00:00,194.16,13.02,459.69
2023-11-03 03:00:00,194.16,13.02,459.69
2023-11-03 04:00:00,194.16,12.72,470.51
2023-11-03 05:00:00,194.16,12.72,492.41
2023-11-03 06:00:00,194.16,12.42,525.84
2023-11-03 07:00:00,194.16,11.85,559.98
2023-11-03 08:00:00,194.16,11.56,594.81
2023-11-03 09:00:00,194.16,11.28,636.29
2023-11-03 10:00:00,194.16,11.28,678.66
2023-11-03 11:00:00,194.16,11.0,721.91
2023-11-03 12:00:00,194.16,10.46,759.66
2023-11-03 13:00:00,194.16,10.46,772.38
2023-11-03 14:00:00,194.16,10.19,772.38
2023-11-03 15:00:00,194.16,10.19,766.01
2023-11-03 16:00:00,194.16,10.19,747.01
2023-11-03 17:00:00,194.16,10.19,740.71
2023-11-03 18:00:00,194.16,10.19,728.16
2023-11-03 19:00:00,194.16,10.19,721.91
2023-11-03 20:00:00,194.16,10.19,715.68
2023-11-03 21:00:00,194.16,9.93,721.91
2023-11-03 22:00:00,194.16,9.93,747.01
2023-11-03 23:00:00,194.16,9.93,785.17
2023-11-04 00:00:00,194.16,9.66,830.46
2023-11-04 01:00:00,194.16,9.66,869.93
2023-11-04 02:00:00,194.16,9.41,903.27
2023-11-04 03:00:00,194.16,9.41,930.24
2023-11-04 04:00:00,194.16,9.41,950.63
2023-11-04 05:00:00,194.16,9.41,964.3
2023-11-04 06:00:00,194.16,9.41,971.16
2023-11-04 07:00:00,194.16,8.9,971.16
2023-11-04 08:00:00,194.16,8.65,957.46
2023-11-04 09:00:00,194.16,8.65,943.81
2023-11-04 10:00:00,194.16,8.65,916.72
2023-11-04 11:00:00,194.16,8.41,883.22
2023-11-04 12:00:00,194.16,8.41,843.55
2023-11-04 13:00:00,194.16,8.16,810.95
2023-11-04 14:00:00,194.16,8.16,778.77
2023-11-04 15:00:00,194.16,8.16,759.66
2023-11-04 16:00:00,194.16,8.16,740.71
2023-11-04 17:00:00,194.16,8.16,734.42
2023-11-04 18:00:00,194.16,8.16,728.16
2023-11-04 19:00:00,194.16,8.16,728.16
2023-11-04 20:00:00,194.16,8.16,734.42
2023-11-04 21:00:00,194.16,7.69,747.01
2023-11-04 22:00:00,194.16,7.69,759.66
2023-11-04 23:00:00,194.16,7.69,766.01
2023-11-05 00:00:00,194.16,7.69,
2023-11-05 01:00:00,194.16,7.69,778.77
2023-11-05 02:00:00,194.16,7.47,798.03
2023-11-05 03:00:00,194.16,7.47,810.95
2023-11-05 04:00:00,194.16,7.69,830.46
2023-11-05 05:00:00,194.16,7.47,863.31
2023-11-05 06:00:00,194.16,7.47,889.89
2023-11-05 07:00:00,194.16,7.47,889.89
2023-11-05 08:00:00,194.16,7.33,889.89
2023-11-05 09:00:00,194.16,7.47,883.22
2023-11-05 10:00:00,194.16,7.33,869.93
2023-11-05 11:00:00,194.16,7.33,850.12
2023-11-05 12:00:00,194.16,7.18,823.94
2023-11-05 13:00:00,194.16,7.18,759.66
2023-11-05 14:00:00,194.16,7.18,697.09
2023-11-05 15:00:00,194.16,7.18,624.35
2023-11-05 16:00:00,194.16,7.18,548.53
2023-11-05 17:00:00,194.16,7.18,497.93
2023-11-05 18:00:00,194.16,7.18,459.69
2023-11-05 19:00:00,194.16,7.18,438.28
2023-11-05 20:00:00,194.16,7.04,427.71
2023-11-05 21:00:00,194.16,7.04,438.28
2023-11-05 22:00:00,194.16,7.04,448.94
2023-11-05 23:00:00,194.16,7.04,465.09
2023-11-06 00:00:00,194.16,7.04,475.96
2023-11-06 01:00:00,194.16,7.04,492.41
2023-11-06 02:00:00,194.16,7.04,520.22
2023-11-06 03:00:00,194.16,7.04,554.24
2023-11-06 04:00:00,194.16,7.04,583.12
2023-11-06 05:00:00,194.16,7.04,594.81
2023-11-06 06:00:00,194.16,6.76,600.68
2023-11-06 07:00:00,194.16,6.76,594.81
2023-11-06 08:00:00,194.16,6.76,583.12
2023-11-06 09:00:00,194.16,6.62,565.74
2023-11-06 10:00:00,194.16,6.62,548.53
2023-11-06 11:00:00,194.16,6.48,531.48
2023-11-06 12:00:00,194.16,6.62,520.22
2023-11-06 13:00:00,194.16,6.48,503.47
2023-11-06 14:00:00,194.16,6.48,492.41
2023-11-06 15:00:00,194.16,6.34,497.93
2023-11-06 16:00:00,194.16,6.34,486.9
2023-11-06 17:00:00,194.16,6.34,497.93
2023-11-06 18:00:00,194.16,6.34,503.47
2023-11-06 19:00:00,194.16,6.48,497.93
2023-11-06 20:00:00,194.16,6.34,514.62
2023-11-06 21:00:00,194.16,6.48,520.22
2023-11-06 22:00:00,194.16,6.48,525.84
2023-11-06 23:00:00,194.16,6.34,531.48
2023-11-07 00:00:00,194.16,6.48,531.48
2023-11-07 01:00:00,194.16,6.34,537.15
2023-11-07 02:00:00,194.16,6.48,537.15
2023-11-07 03:00:00,194.16,6.34,537.15
2023-11-07 04:00:00,194.16,6.34,537.15
2023-11-07 05:00:00,194.16,6.34,537.15
2023-11-07 06:00:00,194.16,6.34,537.15
2023-11-07 07:00:00,194.16,6.07,537.15
2023-11-07 08:00:00,194.16,6.07,537.15
2023-11-07 09:00:00,194.16,6.07,537.15
2023-11-07 10:00:00,194.16,5.94,542.83
2023-11-07 11:00:00,194.16,5.94,537.15
2023-11-07 12:00:00,194.16,5.94,542.83
2023-11-07 13:00:00,194.16,5.8,537.15
2023-11-07 14:00:00,194.16,5.8,537.15
2023-11-07 15:00:00,194.16,5.8,531.48
2023-11-07 16:00:00,194.16,5.8,509.04
2023-11-07 17:00:00,194.16,5.8,492.41
2023-11-07 18:00:00,194.16,5.8,470.51
2023-11-07 19:00:00,194.16,5.8,454.31
2023-11-07 20:00:00,194.16,5.8,438.28
2023-11-07 21:00:00,194.16,5.94,427.71
2023-11-07 22:00:00,194.16,5.94,422.45
2023-11-07 23:00:00,194.16,5.8,417.21
2023-11-08 00:00:00,194.16,5.94,417.21
2023-11-08 01:00:00,194.16,5.94,412.0
2023-11-08 02:00:00,194.16,5.94,422.45
2023-11-08 03:00:00,194.16,5.94,438.28
2023-11-08 04:00:00,194.16,5.8,454.31
2023-11-08 05:00:00,194.16,5.8,465.09
2023-11-08 06:00:00,194.16,5.8,470.51
2023-11-08 07:00:00,194.16,5.8,470.51
2023-11-08 08:00:00,194.16,5.67,470.51
2023-11-08 09:00:00,194.16,5.67,470.51
2023-11-08 10:00:00,194.16,5.67,475.96
2023-11-08 11:00:00,194.16,5.67,470.51
2023-11-08 12:00:00,194.16,5.54,470.51
2023-11-08 13:00:00,194.16,5.54,470.51
2023-11-08 14:00:00,194.16,5.54,470.51
2023-11-08 15:00:00,194.16,5.54,465.09
2023-11-08 16:00:00,194.16,5.54,459.69
2023-11-08 17:00:00,194.16,5.54,448.94
2023-11-08 18:00:00,194.16,5.54,438.28
2023-11-08 19:00:00,194.16,5.54,427.71
2023-11-08 20:00:00,194.16,5.54,422.45
2023-11-08 21:00:00,194.16,5.54,422.45
2023-11-08 22:00:00,194.16,5.54,427.71
2023-11-08 23:00:00,194.16,5.54,443.6
2023-11-09 00:00:00,194.16,5.54,465.09
2023-11-09 01:00:00,194.16,5.54,492.41
2023-11-09 02:00:00,194.16,5.54,509.04
2023-11-09 03:00:00,194.16,5.54,509.04
2023-11-09 04:00:00,194.16,5.54,503.47
2023-11-09 05:00:00,194.16,5.54,497.93
2023-11-09 06:00:00,194.16,5.28,481.42
2023-11-09 07:00:00,194.16,5.28,465.09
2023-11-09 08:00:00,194.16,5.28,448.94
2023-11-09 09:00:00,194.16,5.28,438.28
2023-11-09 10:00:00,194.16,5.28,422.45
2023-11-09 11:00:00,194.16,5.15,412.0
2023-11-09 12:00:00,194.16,5.15,401.63
2023-11-09 13:00:00,194.16,5.15,391.35
2023-11-09 14:00:00,194.16,5.15,381.16
2023-11-09 15:00:00,194.16,5.15,371.05
2023-11-09 16:00:00,194.16,5.15,366.03
2023-11-09 17:00:00,194.16,5.15,361.03
2023-11-09 18:00:00,194.16,5.15,361.03
2023-11-09 19:00:00,194.16,5.15,361.03
2023-11-09 20:00:00,194.16,5.15,366.03
2023-11-09 21:00:00,194.16,5.15,371.05
2023-11-09 22:00:00,194.16,5.15,391.35
2023-11-09 23:00:00,194.16,5.15,422.45
2023-11-10 00:00:00,194.16,5.15,454.31
2023-11-10 01:00:00,194.16,5.15,481.42
2023-11-10 02:00:00,194.16,5.15,481.42
2023-11-10 03:00:00,194.16,5.15,470.51
2023-11-10 04:00:00,194.16,5.15,448.94
2023-11-10 05:00:00,194.16,5.28,427.71
2023-11-10 06:00:00,194.16,5.15,406.8
2023-11-10 07:00:00,194.16,5.15,391.35
2023-11-10 08:00:00,194.16,5.02,381.16
2023-11-10 09:00:00,194.16,5.02,376.09
2023-11-10 10:00:00,194.16,5.02,381.16
2023-11-10 11:00:00,194.16,4.89,381.16
2023-11-10 12:00:00,194.16,5.02,386.24
2023-11-10 13:00:00,194.16,4.89,391.35
2023-11-10 14:00:00,194.16,5.02,396.48
2023-11-10 15:00:00,194.16,4.89,396.48
2023-11-10 16:00:00,194.16,4.89,401.63
2023-11-10 17:00:00,194.16,4.89,401.63
2023-11-10 18:00:00,194.16,5.02,396.48
2023-11-10 19:00:00,194.16,5.02,396.48
2023-11-10 20:00:00,194.16,5.02,391.35
2023-11-10 21:00:00,194.16,5.02,386.24
2023-11-10 22:00:00,194.16,5.02,386.24
2023-11-10 23:00:00,194.16,5.02,401.63
2023-11-11 00:00:00,194.16,5.02,422.45
2023-11-11 01:00:00,194.16,5.02,432.98
2023-11-11 02:00:00,194.16,5.02,438.28
2023-11-11 03:00:00,194.16,5.02,427.71
2023-11-11 04:00:00,194.16,5.02,412.0
2023-11-11 05:00:00,194.16,5.02,391.35
2023-11-11 06:00:00,194.16,5.02,381.16
2023-11-11 07:00:00,194.16,4.89,366.03
2023-11-11 08:00:00,194.16,4.89,356.05
2023-11-11 09:00:00,194.16,4.89,346.17
2023-11-11 10:00:00,194.16,4.89,341.26
2023-11-11 11:00:00,194.16,4.89,341.26
2023-11-11 12:00:00,194.16,4.64,336.38
2023-11-11 13:00:00,194.16,4.64,336.38
2023-11-11 14:00:00,194.16,4.64,336.38
2023-11-11 15:00:00,194.16,4.64,336.38
2023-11-11 16:00:00,194.16,4.64,331.51
2023-11-11 17:00:00,194.16,4.64,331.51
2023-11-11 18:00:00,194.16,4.89,331.51
2023-11-11 19:00:00,194.16,4.89,336.38
2023-11-11 20:00:00,194.16,4.89,
2023-11-11 21:00:00,194.16,4.89,346.17
2023-11-11 22:00:00,194.16,4.89,351.1
2023-11-11 23:00:00,194.16,4.89,356.05
2023-11-12 00:00:00,194.16,4.89,361.03
2023-11-12 01:00:00,194.16,4.89,366.03
2023-11-12 02:00:00,194.16,4.89,371.05
2023-11-12 03:00:00,194.16,4.89,376.09
2023-11-12 04:00:00,194.16,4.89,371.05
2023-11-12 05:00:00,194.16,5.02,371.05
2023-11-12 06:00:00,194.16,4.89,361.03
2023-11-12 07:00:00,194.16,4.89,356.05
2023-11-12 08:00:00,194.16,4.64,351.1
2023-11-12 09:00:00,194.16,4.64,346.17
2023-11-12 10:00:00,194.16,4.52,341.26
2023-11-12 11:00:00,194.16,4.52,336.38
2023-11-12 12:00:00,194.16,4.52,336.38
2023-11-12 13:00:00,194.16,4.52,336.38
2023-11-12 14:00:00,194.16,4.52,336.38
2023-11-12 15:00:00,194.16,4.52,336.38
2023-11-12 16:00:00,194.16,4.52,336.38
2023-11-12 17:00:00,194.16,4.52,336.38
2023-11-12 18:00:00,194.16,4.52,336.38
2023-11-12 19:00:00,194.16,4.64,331.51
2023-11-12 20:00:00,194.16,4.64,331.51
2023-11-12 21:00:00,194.16,4.64,326.67
2023-11-12 22:00:00,194.16,4.64,326.67
2023-11-12 23:00:00,194.16,4.64,326.67
2023-11-13 00:00:00,194.16,4.64,331.51
2023-11-13 01:00:00,194.16,4.64,336.38
2023-11-13 02:00:00,194.16,4.64,341.26
2023-11-13 03:00:00,194.16,4.64,346.17
2023-11-13 04:00:00,194.16,4.64,341.26
2023-11-13 05:00:00,194.16,4.64,341.26
2023-11-13 06:00:00,194.16,4.64,331.51
2023-11-13 07:00:00,194.16,4.52,321.86
2023-11-13 08:00:00,194.16,4.52,312.29
2023-11-13 09:00:00,194.16,4.39,307.55
2023-11-13 10:00:00,194.16,4.39,302.82
2023-11-13 11:00:00,194.16,4.39,298.12
2023-11-13 12:00:00,194.16,4.39,293.45
2023-11-13 13:00:00,194.16,4.39,293.45
2023-11-13 14:00:00,194.16,4.39,293.45
2023-11-13 15:00:00,194.16,4.39,288.8
2023-11-13 16:00:00,194.16,4.39,288.8
2023-11-13 17:00:00,194.16,4.39,284.17
2023-11-13 18:00:00,194.16,4.39,279.57
2023-11-13 19:00:00,194.16,4.52,279.57
2023-11-13 20:00:00,194.16,4.52,274.99
2023-11-13 21:00:00,194.16,4.52,279.57
2023-11-13 22:00:00,194.16,4.52,284.17
2023-11-13 23:00:00,194.16,4.52,293.45
2023-11-14 00:00:00,194.16,4.52,307.55
2023-11-14 01:00:00,194.16,4.52,317.06
2023-11-14 02:00:00,194.16,4.52,326.67
2023-11-14 03:00:00,194.16,4.52,341.26
2023-11-14 04:00:00,194.16,4.52,346.17
2023-11-14 05:00:00,194.16,4.52,341.26
2023-11-14 06:00:00,194.16,4.52,336.38
2023-11-14 07:00:00,194.16,4.39,321.86
2023-11-14 08:00:00,194.16,4.39,307.55
2023-11-14 09:00:00,194.16,4.39,293.45
2023-11-14 10:00:00,194.16,4.39,284.17
2023-11-14 11:00:00,194.16,4.39,274.99
2023-11-14 12:00:00,194.16,4.27,270.43
2023-11-14 13:00:00,194.16,4.27,261.4
2023-11-14 14:00:00,194.16,4.27,256.92
2023-11-14 15:00:00,194.16,4.27,252.46
2023-11-14 16:00:00,194.16,4.27,243.63
2023-11-14 17:00:00,194.16,4.27,234.9
2023-11-14 18:00:00,194.16,4.39,222.0
2023-11-14 19:00:00,194.16,4.39,209.33
2023-11-14 20:00:00,194.16,4.39,205.17
2023-11-14 21:00:00,194.16,4.39,205.17
2023-11-14 22:00:00,194.16,4.39,217.75
2023-11-14 23:00:00,194.16,4.39,239.25
2023-11-15 00:00:00,194.16,4.39,261.4
2023-11-15 01:00:00,194.16,4.39,288.8
2023-11-15 02:00:00,194.16,4.39,317.06
2023-11-15 03:00:00,194.16,4.39,331.51
2023-11-15 04:00:00,194.16,4.39,336.38
2023-11-15 05:00:00,194.16,4.39,336.38
2023-11-15 06:00:00,194.16,4.39,326.67
2023-11-15 07:00:00,194.16,4.27,307.55
2023-11-15 08:00:00,194.16,4.27,298.12
2023-11-15 09:00:00,194.16,4.27,284.17
2023-11-15 10:00:00,194.16,4.27,274.99
2023-11-15 11:00:00,194.16,4.27,265.9
2023-11-15 12:00:00,194.16,4.15,256.92
2023-11-15 13:00:00,194.16,4.15,252.46
2023-11-15 14:00:00,194.16,4.15,248.03
2023-11-15 15:00:00,194.16,4.15,243.63
2023-11-15 16:00:00,194.16,4.15,239.25
2023-11-15 17:00:00,194.16,4.15,239.25
2023-11-15 18:00:00,194.16,4.27,230.57
2023-11-15 19:00:00,194.16,4.27,226.27
2023-11-15 20:00:00,194.16,4.15,226.27
2023-11-15 21:00:00,194.16,4.15,226.27
2023-11-15 22:00:00,194.16,4.15,234.9
2023-11-15 23:00:00,194.16,4.15,256.92
2023-11-16 00:00:00,194.16,4.15,284.17
2023-11-16 01:00:00,194.16,4.15,326.67
2023-11-16 02:00:00,194.16,4.27,366.03
2023-11-16 03:00:00,194.16,4.27,396.48
2023-11-16 04:00:00,194.16,4.27,406.8
2023-11-16 05:00:00,194.16,4.27,401.63
2023-11-16 06:00:00,194.16,4.27,386.24
2023-11-16 07:00:00,194.16,4.27,361.03
2023-11-16 08:00:00,194.16,4.27,341.26
2023-11-16 09:00:00,194.16,4.15,321.86
2023-11-16 10:00:00,194.16,4.15,302.82
2023-11-16 11:00:00,194.16,4.15,288.8
2023-11-16 12:00:00,194.16,4.15,274.99
2023-11-16 13:00:00,194.16,4.15,265.9
2023-11-16 14:00:00,194.16,3.91,256.92
2023-11-16 15:00:00,194.16,4.15,252.46
2023-11-16 16:00:00,194.16,3.91,248.03
2023-11-16 17:00:00,194.16,3.91,248.03
2023-11-16 18:00:00,194.16,4.15,239.25
2023-11-16 19:00:00,194.16,4.15,234.9
2023-11-16 20:00:00,194.16,4.15,230.57
2023-11-16 21:00:00,194.16,4.15,230.57
2023-11-16 22:00:00,194.16,4.15,226.27
2023-11-16 23:00:00,194.16,4.27,226.27
2023-11-17 00:00:00,194.16,4.15,226.27
2023-11-17 01:00:00,194.16,4.15,226.27
2023-11-17 02:00:00,194.16,4.27,226.27
2023-11-17 03:00:00,194.16,4.27,226.27
2023-11-17 04:00:00,194.16,4.27,222.0
2023-11-17 05:00:00,194.16,4.27,222.0
2023-11-17 06:00:00,194.16,4.27,222.0
2023-11-17 07:00:00,194.16,4.27,222.0
2023-11-17 08:00:00,194.16,4.15,217.75
2023-11-17 09:00:00,194.16,4.15,213.53
2023-11-17 10:00:00,194.16,4.15,209.33
2023-11-17 11:00:00,194.16,4.15,205.17
2023-11-17 12:00:00,194.16,4.15,201.03
2023-11-17 13:00:00,194.16,4.15,196.91
2023-11-17 14:00:00,194.16,4.15,192.83
2023-11-17 15:00:00,194.16,4.15,192.83
2023-11-17 16:00:00,194.16,4.15,192.83
2023-11-17 17:00:00,194.16,4.15,188.77
2023-11-17 18:00:00,194.16,4.15,180.74
2023-11-17 19:00:00,194.16,4.27,180.74
2023-11-17 20:00:00,194.16,4.27,180.74
2023-11-17 21:00:00,194.16,4.27,184.74
2023-11-17 22:00:00,194.16,4.27,192.83
2023-11-17 23:00:00,194.16,4.27,205.17
2023-11-18 00:00:00,194.16,4.27,
2023-11-18 01:00:00,194.16,4.27,
2023-11-18 02:00:00,194.16,4.27,243.63
2023-11-18 03:00:00,194.16,4.27,252.46
2023-11-18 04:00:00,194.16,4.27,256.92
2023-11-18 05:00:00,194.16,4.27,261.4
2023-11-18 06:00:00,194.16,4.27,256.92
2023-11-18 07:00:00,194.16,4.15,252.46
2023-11-18 08:00:00,194.16,4.15,248.03
2023-11-18 09:00:00,194.16,4.15,234.9
2023-11-18 10:00:00,194.16,4.15,226.27
2023-11-18 11:00:00,194.16,4.15,217.75
2023-11-18 12:00:00,194.16,4.15,213.53
2023-11-18 13:00:00,194.16,4.15,205.17
2023-11-18 14:00:00,194.16,3.91,201.03
2023-11-18 15:00:00,194.16,3.91,196.91
2023-11-18 16:00:00,194.16,3.91,192.83
2023-11-18 17:00:00,194.16,3.91,188.77
2023-11-18 18:00:00,194.16,4.15,176.77
2023-11-18 19:00:00,194.16,4.15,172.82
2023-11-18 20:00:00,194.16,4.15,
2023-11-18 21:00:00,194.16,4.15,161.16
2023-11-18 22:00:00,194.16,4.27,157.34
2023-11-18 23:00:00,194.16,4.15,157.34
2023-11-19 00:00:00,194.16,4.15,153.54
2023-11-19 01:00:00,194.16,4.15,153.54
2023-11-19 02:00:00,194.16,4.15,153.54
2023-11-19 03:00:00,194.16,4.15,149.77
2023-11-19 04:00:00,194.16,4.27,149.77
2023-11-19 05:00:00,194.16,4.27,149.77
2023-11-19 06:00:00,194.16,4.15,149.77
2023-11-19 07:00:00,194.16,4.15,149.77
2023-11-19 08:00:00,194.16,4.15,149.77
2023-11-19 09:00:00,194.16,3.91,157.34
2023-11-19 10:00:00,194.16,3.91,165.02
2023-11-19 11:00:00,194.16,3.91,172.82
2023-11-19 12:00:00,194.16,3.91,180.74
2023-11-19 13:00:00,194.16,3.91,188.77
2023-11-19 14:00:00,194.16,3.91,192.83
2023-11-19 15:00:00,194.16,4.15,192.83
2023-11-19 16:00:00,194.16,4.15,192.83
2023-11-19 17:00:00,194.16,3.91,192.83
2023-11-19 18:00:00,194.16,4.15,192.83
2023-11-19 19:00:00,194.16,4.15,192.83
2023-11-19 20:00:00,194.16,4.15,188.77
2023-11-19 21:00:00,194.16,4.15,188.77
2023-11-19 22:00:00,194.16,4.15,188.77
2023-11-19 23:00:00,194.16,3.91,188.77
2023-11-20 00:00:00,194.16,3.91,184.74
2023-11-20 01:00:00,194.16,4.15,192.83
2023-11-20 02:00:00,194.16,4.15,209.33
2023-11-20 03:00:00,194.16,4.15,234.9
2023-11-20 04:00:00,194.16,4.15,265.9
2023-11-20 05:00:00,194.16,4.15,288.8
2023-11-20 06:00:00,194.16,4.15,302.82
2023-11-20 07:00:00,194.16,4.15,302.82
2023-11-20 08:00:00,194.16,4.15,288.8
2023-11-20 09:00:00,194.16,4.15,279.57
2023-11-20 10:00:00,194.16,3.91,261.4
2023-11-20 11:00:00,194.16,3.91,243.63
2023-11-20 12:00:00,194.16,4.15,230.57
2023-11-20 13:00:00,194.16,4.15,213.53
2023-11-20 14:00:00,194.16,4.15,201.03
2023-11-20 15:00:00,194.16,4.15,188.77
2023-11-20 16:00:00,194.16,4.15,180.74
2023-11-20 17:00:00,194.16,4.15,172.82
2023-11-20 18:00:00,194.16,4.27,165.02
2023-11-20 19:00:00,194.16,4.27,165.02
2023-11-20 20:00:00,194.16,4.27,165.02
2023-11-20 21:00:00,194.16,4.39,165.02
2023-11-20 22:00:00,194.16,4.64,165.02
2023-11-20 23:00:00,194.16,6.76,168.91
2023-11-21 00:00:00,194.16,9.66,172.82
2023-11-21 01:00:00,194.16,10.19,188.77
2023-11-21 02:00:00,194.16,11.28,217.75
2023-11-21 03:00:00,194.16,11.0,252.46
2023-11-21 04:00:00,194.16,10.19,284.17
2023-11-21 05:00:00,194.16,9.41,298.12
2023-11-21 06:00:00,194.16,9.93,298.12
2023-11-21 07:00:00,194.16,13.62,293.45
2023-11-21 08:00:00,194.16,17.86,284.17
2023-11-21 09:00:00,194.16,23.01,274.99
2023-11-21 10:00:00,194.16,26.23,261.4
2023-11-21 11:00:00,194.16,27.07,248.03
2023-11-21 12:00:00,194.16,27.07,234.9
2023-11-21 13:00:00,194.16,26.65,222.0
2023-11-21 14:00:00,194.16,25.41,213.53
2023-11-21 15:00:00,194.16,24.6,201.03
2023-11-21 16:00:00,194.16,23.01,196.91
2023-11-21 17:00:00,194.16,22.24,192.83
2023-11-21 18:00:00,194.16,20.73,188.77
2023-11-21 19:00:00,194.16,19.27,192.83
2023-11-21 20:00:00,194.16,18.55,201.03
2023-11-21 21:00:00,194.16,17.86,209.33
2023-11-21 22:00:00,194.16,16.83,222.0
2023-11-21 23:00:00,194.16,16.16,234.9
2023-11-22 00:00:00,194.16,15.19,243.63
2023-11-22 01:00:00,194.16,14.55,256.92
2023-11-22 02:00:00,194.16,13.62,270.43
2023-11-22 03:00:00,194.16,13.32,274.99
2023-11-22 04:00:00,194.16,12.72,274.99
2023-11-22 05:00:00,194.16,12.42,265.9
2023-11-22 06:00:00,194.16,11.56,256.92
2023-11-22 07:00:00,194.16,11.28,248.03
2023-11-22 08:00:00,194.16,11.0,239.25
2023-11-22 09:00:00,194.16,10.46,230.57
2023-11-22 10:00:00,194.16,10.19,222.0
2023-11-22 11:00:00,194.16,10.19,213.53
2023-11-22 12:00:00,194.16,10.19,205.17
2023-11-22 13:00:00,194.16,9.93,196.91
2023-11-22 14:00:00,194.16,9.66,192.83
2023-11-22 15:00:00,194.16,9.41,188.77
2023-11-22 16:00:00,194.16,8.9,184.74
2023-11-22 17:00:00,194.16,8.9,184.74
2023-11-22 18:00:00,194.16,8.9,184.74
2023-11-22 19:00:00,194.16,8.65,184.74
2023-11-22 20:00:00,194.16,8.65,188.77
2023-11-22 21:00:00,194.16,8.41,192.83
2023-11-22 22:00:00,194.16,8.16,205.17
2023-11-22 23:00:00,194.16,8.16,213.53
2023-11-23 00:00:00,194.16,7.69,226.27
2023-11-23 01:00:00,194.16,7.69,239.25
2023-11-23 02:00:00,194.16,7.47,256.92
2023-11-23 03:00:00,194.16,7.47,274.99
2023-11-23 04:00:00,194.16,7.47,288.8
2023-11-23 05:00:00,194.16,7.33,288.8
2023-11-23 06:00:00,194.16,7.18,284.17
2023-11-23 07:00:00,194.16,7.04,274.99
2023-11-23 08:00:00,194.16,7.04,265.9
2023-11-23 09:00:00,194.16,6.62,256.92
2023-11-23 10:00:00,194.16,6.62,248.03
2023-11-23 11:00:00,194.16,6.62,243.63
2023-11-23 12:00:00,194.16,6.48,234.9
2023-11-23 13:00:00,194.16,6.34,230.57
2023-11-23 14:00:00,194.16,6.34,226.27
2023-11-23 15:00:00,194.16,6.07,230.57
2023-11-23 16:00:00,194.16,6.07,226.27
2023-11-23 17:00:00,194.16,6.07,226.27
2023-11-23 18:00:00,194.16,6.07,226.27
2023-11-23 19:00:00,194.16,6.07,248.03
2023-11-23 20:00:00,194.16,6.07,274.99
2023-11-23 21:00:00,194.16,6.07,312.29
2023-11-23 22:00:00,194.16,6.07,341.26
2023-11-23 23:00:00,194.16,5.94,361.03
2023-11-24 00:00:00,194.16,5.94,371.05
2023-11-24 01:00:00,194.16,5.94,376.09
2023-11-24 02:00:00,194.16,5.8,381.16
2023-11-24 03:00:00,194.16,5.8,381.16
2023-11-24 04:00:00,194.16,5.8,381.16
2023-11-24 05:00:00,194.16,5.8,376.09
2023-11-24 06:00:00,194.16,5.8,371.05
2023-11-24 07:00:00,194.16,5.67,351.1
2023-11-24 08:00:00,194.16,5.54,336.38
2023-11-24 09:00:00,194.16,5.54,321.86
2023-11-24 10:00:00,194.16,5.54,302.82
2023-11-24 11:00:00,194.16,5.28,293.45
2023-11-24 12:00:00,194.16,5.54,279.57
2023-11-24 13:00:00,194.16,5.28,265.9
2023-11-24 14:00:00,194.16,5.28,252.46
2023-11-24 15:00:00,194.16,5.28,252.46
2023-11-24 16:00:00,194.16,5.28,243.63
2023-11-24 17:00:00,194.16,6.07,234.9
2023-11-24 18:00:00,194.16,6.62,234.9
2023-11-24 19:00:00,194.16,6.34,230.57
2023-11-24 20:00:00,194.16,6.76,230.57
2023-11-24 21:00:00,194.16,7.18,234.9
2023-11-24 22:00:00,194.16,6.62,234.9
2023-11-24 23:00:00,194.16,6.48,234.9
2023-11-25 00:00:00,194.16,6.62,248.03
2023-11-25 01:00:00,194.16,6.76,274.99
2023-11-25 02:00:00,194.16,6.76,317.06
2023-11-25 03:00:00,194.16,7.18,371.05
2023-11-25 04:00:00,194.16,7.47,417.21
2023-11-25 05:00:00,194.16,8.41,443.6
2023-11-25 06:00:00,194.16,8.65,443.6
2023-11-25 07:00:00,194.16,9.41,427.71
2023-11-25 08:00:00,194.16,9.66,406.8
2023-11-25 09:00:00,194.16,10.19,386.24
2023-11-25 10:00:00,194.16,11.0,371.05
2023-11-25 11:00:00,194.16,11.56,351.1
2023-11-25 12:00:00,194.16,11.85,336.38
2023-11-25 13:00:00,194.16,11.85,321.86
2023-11-25 14:00:00,194.16,11.28,317.06
2023-11-25 15:00:00,194.16,11.0,317.06
2023-11-25 16:00:00,194.16,10.19,326.67
2023-11-25 17:00:00,194.16,9.66,336.38
2023-11-25 18:00:00,194.16,9.41,361.03
2023-11-25 19:00:00,194.16,8.9,371.05
2023-11-25 20:00:00,194.16,8.41,376.09
2023-11-25 21:00:00,194.16,8.16,366.03
2023-11-25 22:00:00,194.16,7.69,356.05
2023-11-25 23:00:00,194.16,7.47,346.17
2023-11-26 00:00:00,194.16,7.33,331.51
2023-11-26 01:00:00,194.16,7.33,326.67
2023-11-26 02:00:00,194.16,7.18,331.51
2023-11-26 03:00:00,194.16,7.18,341.26
2023-11-26 04:00:00,194.16,7.04,351.1
2023-11-26 05:00:00,194.16,7.04,356.05
2023-11-26 06:00:00,194.16,6.76,351.1
2023-11-26 07:00:00,194.16,6.76,341.26
2023-11-26 08:00:00,194.16,6.62,331.51
2023-11-26 09:00:00,194.16,6.62,326.67
2023-11-26 10:00:00,194.16,6.48,317.06
2023-11-26 11:00:00,194.16,6.48,312.29
2023-11-26 12:00:00,194.16,6.34,298.12
2023-11-26 13:00:00,194.16,6.34,298.12
2023-11-26 14:00:00,194.16,6.07,293.45
2023-11-26 15:00:00,194.16,6.07,293.45
2023-11-26 16:00:00,194.16,6.07,293.45
2023-11-26 17:00:00,194.16,6.07,293.45
2023-11-26 18:00:00,194.16,6.07,307.55
2023-11-26 19:00:00,194.16,6.07,312.29
2023-11-26 20:00:00,194.16,6.07,321.86
2023-11-26 21:00:00,194.16,5.94,326.67
2023-11-26 22:00:00,194.16,5.94,331.51
2023-11-26 23:00:00,194.16,5.94,331.51
2023-11-27 00:00:00,194.16,5.94,336.38
2023-11-27 01:00:00,194.16,5.8,341.26
2023-11-27 02:00:00,194.16,5.8,341.26
2023-11-27 03:00:00,194.16,5.8,341.26
2023-11-27 04:00:00,194.16,5.8,341.26
2023-11-27 05:00:00,194.16,5.8,341.26
2023-11-27 06:00:00,194.16,5.8,341.26
2023-11-27 07:00:00,194.16,5.67,341.26
2023-11-27 08:00:00,194.16,5.67,341.26
2023-11-27 09:00:00,194.16,5.67,336.38
2023-11-27 10:00:00,194.16,5.54,336.38
2023-11-27 11:00:00,194.16,5.54,336.38
2023-11-27 12:00:00,194.16,5.54,336.38
2023-11-27 13:00:00,194.16,5.54,331.51
2023-11-27 14:00:00,194.16,5.54,331.51
2023-11-27 15:00:00,194.16,5.54,331.51
2023-11-27 16:00:00,194.16,5.28,336.38
2023-11-27 17:00:00,194.16,5.54,346.17
2023-11-27 18:00:00,194.16,5.54,371.05
2023-11-27 19:00:00,194.16,5.54,401.63
2023-11-27 20:00:00,194.16,5.54,
2023-11-27 21:00:00,194.16,5.54,465.09
2023-11-27 22:00:00,194.16,5.54,492.41
2023-11-27 23:00:00,194.16,5.54,503.47
2023-11-28 00:00:00,194.16,5.54,503.47
2023-11-28 01:00:00,194.16,5.54,497.93
2023-11-28 02:00:00,194.16,5.54,481.42
2023-11-28 03:00:00,194.16,5.54,454.31
2023-11-28 04:00:00,194.16,5.54,427.71
2023-11-28 05:00:00,194.16,5.54,401.63
2023-11-28 06:00:00,194.16,5.54,376.09
2023-11-28 07:00:00,194.16,5.28,351.1
2023-11-28 08:00:00,194.16,5.28,336.38
2023-11-28 09:00:00,194.16,5.28,321.86
2023-11-28 10:00:00,194.16,5.28,307.55
2023-11-28 11:00:00,194.16,5.15,298.12
2023-11-28 12:00:00,194.16,5.15,293.45
2023-11-28 13:00:00,194.16,5.15,288.8
2023-11-28 14:00:00,194.16,5.15,288.8
2023-11-28 15:00:00,194.16,5.15,298.12
2023-11-28 16:00:00,194.16,5.15,302.82
2023-11-28 17:00:00,194.16,5.15,312.29
2023-11-28 18:00:00,194.16,5.15,321.86
2023-11-28 19:00:00,194.16,5.28,326.67
2023-11-28 20:00:00,194.16,5.15,341.26
2023-11-28 21:00:00,194.16,5.15,361.03
2023-11-28 22:00:00,194.16,5.28,381.16
2023-11-28 23:00:00,194.16,5.15,412.0
2023-11-29 00:00:00,194.16,5.15,454.31
2023-11-29 01:00:00,194.16,5.15,486.9
2023-11-29 02:00:00,194.16,5.15,497.93
2023-11-29 03:00:00,194.16,5.15,497.93
2023-11-29 04:00:00,194.16,5.15,481.42
2023-11-29 05:00:00,194.16,5.15,454.31
2023-11-29 06:00:00,194.16,5.15,422.45
2023-11-29 07:00:00,194.16,5.15,391.35
2023-11-29 08:00:00,194.16,5.02,366.03
2023-11-29 09:00:00,194.16,5.15,341.26
2023-11-29 10:00:00,194.16,5.02,326.67
2023-11-29 11:00:00,194.16,5.02,307.55
2023-11-29 12:00:00,194.16,5.02,298.12
2023-11-29 13:00:00,194.16,5.02,288.8
2023-11-29 14:00:00,194.16,5.02,279.57
2023-11-29 15:00:00,194.16,5.02,274.99
2023-11-29 16:00:00,194.16,5.02,265.9
2023-11-29 17:00:00,194.16,5.02,256.92
2023-11-29 18:00:00,194.16,5.02,252.46
2023-11-29 19:00:00,194.16,5.02,252.46
2023-11-29 20:00:00,194.16,5.02,
2023-11-29 21:00:00,194.16,5.02,252.46
2023-11-29 22:00:00,194.16,5.02,248.03
2023-11-29 23:00:00,194.16,5.02,248.03
2023-11-30 00:00:00,194.16,5.02,248.03
2023-11-30 01:00:00,194.16,5.02,252.46
2023-11-30 02:00:00,194.16,5.02,261.4
2023-11-30 03:00:00,194.16,5.02,279.57
2023-11-30 04:00:00,194.16,5.02,293.45
2023-11-30 05:00:00,194.16,5.02,302.82
2023-11-30 06:00:00,194.16,5.02,302.82
2023-11-30 07:00:00,194.16,5.02,302.82
2023-11-30 08:00:00,194.16,5.02,298.12
2023-11-30 09:00:00,194.16,4.89,288.8
2023-11-30 10:00:00,194.16,4.89,284.17
2023-11-30 11:00:00,194.16,4.89,279.57
2023-11-30 12:00:00,194.16,4.89,279.57
2023-11-30 13:00:00,194.16,4.89,284.17
2023-11-30 14:00:00,194.16,4.64,288.8
2023-11-30 15:00:00,194.16,4.89,298.12
2023-11-30 16:00:00,194.16,4.89,302.82
2023-11-30 17:00:00,194.16,4.89,302.82
2023-11-30 18:00:00,194.16,4.89,302.82
2023-11-30 19:00:00,194.16,4.89,307.55
2023-11-30 20:00:00,194.16,4.89,307.55
2023-11-30 21:00:00,194.16,4.89,312.29
2023-11-30 22:00:00,194.16,4.89,317.06
2023-11-30 23:00:00,194.16,5.02,317.06
2023-12-01 00:00:00,194.16,5.02,321.86
2023-12-01 01:00:00,194.16,5.02,326.67
2023-12-01 02:00:00,194.16,5.02,326.67
2023-12-01 03:00:00,194.16,5.02,321.86
2023-12-01 04:00:00,194.16,5.02,312.29
2023-12-01 05:00:00,194.16,5.02,302.82
2023-12-01 06:00:00,194.16,5.02,288.8
2023-12-01 07:00:00,194.16,4.89,279.57
2023-12-01 08:00:00,194.16,4.89,279.57
2023-12-01 09:00:00,194.16,4.89,279.57
2023-12-01 10:00:00,194.16,4.89,279.57
2023-12-01 11:00:00,194.16,4.89,279.57
2023-12-01 12:00:00,194.16,4.89,288.8
2023-12-01 13:00:00,194.16,4.64,293.45
2023-12-01 14:00:00,194.16,4.64,298.12
2023-12-01 15:00:00,194.16,4.64,307.55
2023-12-01 16:00:00,194.16,4.89,312.29
2023-12-01 17:00:00,194.16,4.89,317.06
2023-12-01 18:00:00,194.16,4.89,321.86
2023-12-01 19:00:00,194.16,4.89,326.67
2023-12-01 20:00:00,194.16,4.89,331.51
2023-12-01 21:00:00,194.16,5.02,336.38
2023-12-01 22:00:00,194.16,5.02,341.26
2023-12-01 23:00:00,194.16,5.15,341.26
2023-12-02 00:00:00,194.16,5.15,341.26
2023-12-02 01:00:00,194.16,5.8,331.51
2023-12-02 02:00:00,194.16,5.67,336.38
2023-12-02 03:00:00,194.16,5.54,326.67
2023-12-02 04:00:00,194.16,5.54,312.29
2023-12-02 05:00:00,194.16,5.8,298.12
2023-12-02 06:00:00,194.16,6.48,284.17
2023-12-02 07:00:00,194.16,7.18,274.99
2023-12-02 08:00:00,194.16,8.16,261.4
2023-12-02 09:00:00,194.16,9.66,256.92
2023-12-02 10:00:00,194.16,9.93,248.03
2023-12-02 11:00:00,194.16,9.66,243.63
2023-12-02 12:00:00,194.16,9.41,239.25
2023-12-02 13:00:00,194.16,9.93,239.25
2023-12-02 14:00:00,194.16,9.93,234.9
2023-12-02 15:00:00,194.16,10.46,234.9
2023-12-02 16:00:00,194.16,11.85,234.9
2023-12-02 17:00:00,194.16,13.32,234.9
2023-12-02 18:00:00,194.16,14.55,239.25
2023-12-02 19:00:00,194.16,14.55,239.25
2023-12-02 20:00:00,194.16,14.55,248.03
2023-12-02 21:00:00,194.16,13.62,261.4
2023-12-02 22:00:00,194.16,13.32,265.9
2023-12-02 23:00:00,194.16,12.72,284.17
2023-12-03 00:00:00,194.16,12.42,298.12
2023-12-03 01:00:00,194.16,11.85,312.29
2023-12-03 02:00:00,194.16,11.85,321.86
2023-12-03 03:00:00,194.16,11.56,336.38
2023-12-03 04:00:00,194.16,11.56,341.26
2023-12-03 05:00:00,194.16,11.28,336.38
2023-12-03 06:00:00,194.16,11.0,326.67
2023-12-03 07:00:00,194.16,10.46,317.06
2023-12-03 08:00:00,194.16,10.46,302.82
2023-12-03 09:00:00,194.16,9.66,288.8
2023-12-03 10:00:00,194.16,9.41,279.57
2023-12-03 11:00:00,194.16,9.41,265.9
2023-12-03 12:00:00,194.16,8.9,261.4
2023-12-03 13:00:00,194.16,8.65,252.46
2023-12-03 14:00:00,194.16,8.65,248.03
2023-12-03 15:00:00,194.16,8.41,243.63
2023-12-03 16:00:00,194.16,8.16,239.25
2023-12-03 17:00:00,194.16,8.16,234.9
2023-12-03 18:00:00,194.16,8.16,230.57
2023-12-03 19:00:00,194.16,7.69,226.27
2023-12-03 20:00:00,194.16,7.69,222.0
2023-12-03 21:00:00,194.16,7.47,226.27
2023-12-03 22:00:00,194.16,7.33,226.27
2023-12-03 23:00:00,194.16,7.33,234.9
2023-12-04 00:00:00,194.16,7.18,243.63
2023-12-04 01:00:00,194.16,7.18,256.92
2023-12-04 02:00:00,194.16,7.04,270.43
2023-12-04 03:00:00,194.16,7.04,284.17
2023-12-04 04:00:00,194.16,6.76,293.45
2023-12-04 05:00:00,194.16,6.76,298.12
2023-12-04 06:00:00,194.16,6.76,302.82
2023-12-04 07:00:00,194.16,6.62,298.12
2023-12-04 08:00:00,194.16,6.48,298.12
2023-12-04 09:00:00,194.16,6.34,288.8
2023-12-04 10:00:00,194.16,6.34,288.8
2023-12-04 12:00:00,257.42,6.07,279.57
2023-12-04 13:00:00,251.13,6.07,270.43
2023-12-04 14:00:00,246.98,5.94,265.9
2023-12-04 15:00:00,242.86,5.94,256.92
2023-12-04 16:00:00,251.13,5.94,252.46
2023-12-04 17:00:00,263.78,5.8,243.63
2023-12-04 18:00:00,270.21,5.94,239.25
2023-12-04 19:00:00,278.9,5.94,230.57
2023-12-04 20:00:00,283.3,5.94,230.57
2023-12-04 21:00:00,283.3,5.94,234.9
2023-12-04 22:00:00,287.73,5.8,239.25
2023-12-04 23:00:00,289.96,5.8,243.63
2023-12-05 00:00:00,287.73,5.8,248.03
2023-12-05 01:00:00,287.73,5.8,256.92
2023-12-05 02:00:00,287.73,5.8,261.4
2023-12-05 03:00:00,289.96,5.8,261.4
2023-12-05 04:00:00,287.73,5.67,265.9
2023-12-05 05:00:00,292.19,5.67,265.9
2023-12-05 06:00:00,289.96,5.67,265.9
2023-12-05 07:00:00,289.96,5.67,270.43
2023-12-05 08:00:00,292.19,5.54,270.43
2023-12-05 09:00:00,274.54,5.54,270.43
2023-12-05 10:00:00,257.42,5.54,274.99
2023-12-05 11:00:00,251.13,5.28,274.99
2023-12-05 12:00:00,244.91,5.28,279.57
2023-12-05 13:00:00,242.86,5.28,274.99
2023-12-05 14:00:00,240.81,5.28,270.43
2023-12-05 15:00:00,240.81,5.28,261.4
2023-12-05 16:00:00,236.74,5.15,
2023-12-05 17:00:00,234.72,5.15,
2023-12-05 18:00:00,234.72,5.15,226.27
2023-12-05 19:00:00,263.78,5.15,222.0
2023-12-05 20:00:00,348.25,5.15,217.75
2023-12-05 21:00:00,427.51,5.15,213.53
2023-12-05 22:00:00,427.51,5.15,213.53
2023-12-05 23:00:00,345.82,5.15,213.53
2023-12-06 00:00:00,312.67,5.15,234.9
2023-12-06 01:00:00,294.43,5.15,261.4
2023-12-06 02:00:00,287.73,5.15,288.8
2023-12-06 03:00:00,281.1,5.15,298.12
2023-12-06 04:00:00,283.3,5.15,302.82
2023-12-06 05:00:00,281.1,5.15,298.12
2023-12-06 06:00:00,283.3,5.15,288.8
2023-12-06 07:00:00,276.72,5.15,279.57
2023-12-06 08:00:00,281.1,5.02,274.99
2023-12-06 09:00:00,283.3,5.02,270.43
2023-12-06 10:00:00,294.43,5.02,265.9
2023-12-06 11:00:00,301.21,5.02,261.4
2023-12-06 12:00:00,301.21,5.02,261.4
2023-12-06 13:00:00,303.48,5.02,265.9
2023-12-06 14:00:00,312.67,4.89,270.43
2023-12-06 15:00:00,319.64,4.89,270.43
2023-12-06 16:00:00,326.68,4.89,270.43
2023-12-06 17:00:00,329.04,4.89,274.99
2023-12-06 18:00:00,340.99,5.02,279.57
2023-12-06 19:00:00,411.57,5.02,279.57
2023-12-06 20:00:00,457.48,5.02,288.8
2023-12-06 21:00:00,479.88,5.02,293.45
2023-12-06 22:00:00,416.85,5.02,302.82
2023-12-06 23:00:00,345.82,5.02,317.06
2023-12-07 00:00:00,305.77,5.02,331.51
2023-12-07 01:00:00,287.73,5.02,351.1
2023-12-07 02:00:00,278.9,5.02,356.05
2023-12-07 03:00:00,274.54,5.02,346.17
2023-12-07 04:00:00,270.21,5.02,331.51
2023-12-07 05:00:00,268.06,5.02,312.29
2023-12-07 06:00:00,268.06,5.02,298.12
2023-12-07 07:00:00,265.91,4.89,284.17
2023-12-07 08:00:00,268.06,4.89,270.43
2023-12-07 09:00:00,265.91,4.89,261.4
2023-12-07 10:00:00,268.06,4.89,252.46
2023-12-07 11:00:00,268.06,4.89,248.03
2023-12-07 12:00:00,255.31,4.89,243.63
2023-12-07 13:00:00,242.86,4.64,239.25
2023-12-07 14:00:00,234.72,4.64,239.25
2023-12-07 15:00:00,230.7,4.52,234.9
2023-12-07 16:00:00,244.91,4.64,230.57
2023-12-07 17:00:00,257.42,4.64,226.27
2023-12-07 18:00:00,276.72,4.64,217.75
2023-12-07 19:00:00,301.21,4.64,209.33
2023-12-07 20:00:00,385.64,4.64,205.17
2023-12-07 21:00:00,432.89,4.64,
2023-12-07 22:00:00,432.89,4.64,209.33
2023-12-07 23:00:00,360.51,4.64,222.0
2023-12-08 00:00:00,312.67,4.64,248.03
2023-12-08 01:00:00,301.21,4.64,274.99
2023-12-08 02:00:00,305.77,4.64,302.82
2023-12-08 03:00:00,319.64,4.64,312.29
2023-12-08 04:00:00,329.04,4.64,307.55
2023-12-08 05:00:00,331.42,4.64,302.82
2023-12-08 06:00:00,333.8,4.64,298.12
2023-12-08 07:00:00,333.8,4.52,293.45
2023-12-08 08:00:00,340.99,4.52,293.45
2023-12-08 09:00:00,348.25,4.39,293.45
2023-12-08 10:00:00,353.13,4.39,298.12
2023-12-08 11:00:00,355.58,4.39,302.82
2023-12-08 12:00:00,355.58,4.39,307.55
2023-12-08 13:00:00,355.58,4.39,307.55
2023-12-08 14:00:00,358.04,4.39,312.29
2023-12-08 15:00:00,355.58,4.39,317.06
2023-12-08 16:00:00,331.42,4.39,317.06
2023-12-08 17:00:00,317.3,4.39,307.55
2023-12-08 18:00:00,308.06,4.39,307.55
2023-12-08 19:00:00,345.82,4.39,307.55
2023-12-08 20:00:00,388.2,4.39,302.82
2023-12-08 21:00:00,403.71,4.39,302.82
2023-12-08 22:00:00,408.94,4.39,298.12
2023-12-08 23:00:00,408.94,4.39,298.12
2023-12-09 00:00:00,372.98,4.39,307.55
2023-12-09 01:00:00,329.04,4.39,317.06
2023-12-09 02:00:00,312.67,4.39,326.67
2023-12-09 03:00:00,303.48,4.39,336.38
2023-12-09 04:00:00,301.21,4.39,331.51
2023-12-09 05:00:00,296.68,4.52,326.67
2023-12-09 06:00:00,292.19,4.39,317.06
2023-12-09 07:00:00,289.96,4.39,302.82
2023-12-09 08:00:00,289.96,4.27,293.45
2023-12-09 09:00:00,289.96,4.27,284.17
2023-12-09 10:00:00,289.96,4.27,279.57
2023-12-09 11:00:00,287.73,4.27,270.43
2023-12-09 12:00:00,287.73,4.27,265.9
2023-12-09 13:00:00,287.73,4.27,265.9
2023-12-09 14:00:00,287.73,4.27,261.4
2023-12-09 15:00:00,292.19,4.89,252.46
2023-12-09 16:00:00,292.19,5.94,252.46
2023-12-09 17:00:00,292.19,6.48,248.03
2023-12-09 18:00:00,292.19,7.33,248.03
2023-12-09 19:00:00,289.96,16.16,239.25
2023-12-09 20:00:00,289.96,24.6,248.03
2023-12-09 21:00:00,312.67,25.41,248.03
2023-12-09 22:00:00,348.25,25.41,
2023-12-09 23:00:00,367.97,24.6,248.03
2023-12-10 00:00:00,355.58,24.6,248.03
2023-12-10 01:00:00,331.42,25.0,248.03
2023-12-10 02:00:00,321.98,24.6,256.92
2023-12-10 03:00:00,321.98,23.4,270.43
2023-12-10 04:00:00,317.3,23.01,279.57
2023-12-10 05:00:00,317.3,22.24,288.8
2023-12-10 06:00:00,308.06,20.73,288.8
2023-12-10 07:00:00,312.67,18.91,288.8
2023-12-10 08:00:00,312.67,17.86,284.17
2023-12-10 09:00:00,314.98,16.83,284.17
2023-12-10 10:00:00,314.98,16.5,284.17
2023-12-10 11:00:00,314.98,16.5,279.57
2023-12-10 12:00:00,317.3,16.5,279.57
2023-12-10 13:00:00,314.98,16.16,279.57
2023-12-10 14:00:00,305.77,15.83,279.57
2023-12-10 15:00:00,303.48,15.19,279.57
2023-12-10 16:00:00,296.68,14.87,274.99
2023-12-10 17:00:00,294.43,14.24,274.99
2023-12-10 18:00:00,294.43,13.62,274.99
2023-12-10 19:00:00,292.19,13.32,270.43
2023-12-10 20:00:00,289.96,13.02,270.43
2023-12-10 21:00:00,289.96,12.42,261.4
2023-12-10 22:00:00,287.73,11.85,261.4
2023-12-10 23:00:00,287.73,11.28,256.92
2023-12-11 00:00:00,283.3,11.0,256.92
2023-12-11 01:00:00,283.3,10.19,252.46
2023-12-11 02:00:00,289.96,9.66,248.03
2023-12-11 03:00:00,289.96,9.41,248.03
2023-12-11 04:00:00,303.48,8.9,243.63
2023-12-11 05:00:00,308.06,8.65,243.63
2023-12-11 06:00:00,331.42,8.41,243.63
2023-12-11 07:00:00,365.47,8.16,243.63
2023-12-11 08:00:00,380.55,7.69,248.03
2023-12-11 09:00:00,393.34,7.47,252.46
2023-12-11 10:00:00,398.51,7.33,261.4
2023-12-11 11:00:00,383.09,7.18,274.99
2023-12-11 12:00:00,353.13,7.18,293.45
2023-12-11 13:00:00,331.42,7.04,307.55
2023-12-11 14:00:00,321.98,6.76,317.06
2023-12-11 15:00:00,317.3,6.76,326.67
2023-12-11 16:00:00,314.98,6.76,326.67
2023-12-11 17:00:00,321.98,6.62,321.86
2023-12-11 18:00:00,338.58,6.62,312.29
2023-12-11 19:00:00,353.13,6.62,302.82
2023-12-11 20:00:00,398.51,6.62,
2023-12-11 21:00:00,427.51,6.48,
2023-12-11 22:00:00,408.94,6.48,293.45
2023-12-11 23:00:00,367.97,6.48,298.12
2023-12-12 00:00:00,340.99,6.34,307.55
2023-12-12 01:00:00,329.04,6.34,321.86
2023-12-12 02:00:00,319.64,6.34,331.51
2023-12-12 03:00:00,317.3,6.34,331.51
2023-12-12 04:00:00,314.98,6.34,326.67
2023-12-12 05:00:00,312.67,6.07,317.06
2023-12-12 06:00:00,303.48,6.07,312.29
2023-12-12 07:00:00,287.73,6.07,302.82
2023-12-12 08:00:00,270.21,5.94,298.12
2023-12-12 09:00:00,259.53,5.94,293.45
2023-12-12 10:00:00,255.31,5.94,284.17
2023-12-12 11:00:00,253.22,5.8,279.57
2023-12-12 12:00:00,251.13,5.8,270.43
2023-12-12 13:00:00,246.98,5.8,261.4
2023-12-12 14:00:00,246.98,5.67,252.46
2023-12-12 15:00:00,274.54,5.8,239.25
2023-12-12 16:00:00,303.48,5.8,226.27
2023-12-12 17:00:00,338.58,5.8,213.53
2023-12-12 18:00:00,372.98,5.8,217.75
2023-12-12 19:00:00,383.09,5.8,217.75
2023-12-12 20:00:00,401.1,5.8,226.27
2023-12-12 21:00:00,424.83,5.8,239.25
2023-12-12 22:00:00,441.02,5.8,261.4
2023-12-12 23:00:00,446.47,5.67,284.17
2023-12-13 00:00:00,427.51,5.8,302.82
2023-12-13 01:00:00,393.34,5.8,321.86
2023-12-13 02:00:00,370.47,5.8,341.26
2023-12-13 03:00:00,340.99,5.8,356.05
2023-12-13 04:00:00,319.64,5.8,361.03
2023-12-13 05:00:00,308.06,5.8,356.05
2023-12-13 06:00:00,305.77,5.8,351.1
2023-12-13 07:00:00,296.68,5.8,336.38
2023-12-13 08:00:00,294.43,5.8,326.67
2023-12-13 09:00:00,292.19,5.8,312.29
2023-12-13 10:00:00,292.19,5.67,302.82
2023-12-13 11:00:00,292.19,5.67,293.45
2023-12-13 12:00:00,292.19,5.67,284.17
2023-12-13 13:00:00,292.19,5.67,274.99
2023-12-13 14:00:00,292.19,5.8,270.43
2023-12-13 15:00:00,289.96,5.8,265.9
2023-12-13 16:00:00,289.96,6.48,261.4
2023-12-13 17:00:00,289.96,6.76,256.92
2023-12-13 18:00:00,301.21,7.18,248.03
2023-12-13 19:00:00,353.13,7.33,248.03
2023-12-13 20:00:00,401.1,7.47,252.46
2023-12-13 21:00:00,430.2,8.16,248.03
2023-12-13 22:00:00,443.74,8.65,252.46
2023-12-13 23:00:00,457.48,9.41,265.9
2023-12-14 00:00:00,411.57,9.41,284.17
2023-12-14 01:00:00,365.47,9.41,302.82
2023-12-14 02:00:00,321.98,9.41,326.67
2023-12-14 03:00:00,301.21,8.9,346.17
2023-12-14 04:00:00,283.3,8.9,351.1
2023-12-14 05:00:00,274.54,8.65,341.26
2023-12-14 06:00:00,263.78,8.41,331.51
2023-12-14 07:00:00,257.42,8.16,312.29
2023-12-14 08:00:00,255.31,7.69,298.12
2023-12-14 09:00:00,251.13,7.47,284.17
2023-12-14 10:00:00,246.98,7.47,270.43
2023-12-14 11:00:00,246.98,7.18,256.92
2023-12-14 12:00:00,246.98,7.18,248.03
2023-12-14 13:00:00,244.91,7.04,239.25
2023-12-14 14:00:00,244.91,6.76,234.9
2023-12-14 15:00:00,244.91,6.76,226.27
2023-12-14 16:00:00,244.91,6.62,217.75
2023-12-14 17:00:00,246.98,6.62,213.53
2023-12-14 18:00:00,246.98,6.62,209.33
2023-12-14 19:00:00,244.91,6.62,209.33
2023-12-14 20:00:00,251.13,6.62,205.17
2023-12-14 21:00:00,246.98,6.62,205.17
2023-12-14 22:00:00,251.13,6.62,205.17
2023-12-14 23:00:00,246.98,6.62,205.17
2023-12-15 00:00:00,246.98,6.48,205.17
2023-12-15 01:00:00,244.91,6.48,205.17
2023-12-15 02:00:00,244.91,6.48,205.17
2023-12-15 03:00:00,244.91,6.48,205.17
2023-12-15 04:00:00,242.86,6.48,205.17
2023-12-15 05:00:00,244.91,6.34,201.03
2023-12-15 06:00:00,257.42,6.34,201.03
2023-12-15 07:00:00,268.06,6.07,201.03
2023-12-15 08:00:00,276.72,6.07,201.03
2023-12-15 09:00:00,278.9,5.94,201.03
2023-12-15 10:00:00,278.9,5.94,205.17
2023-12-15 11:00:00,278.9,5.8,209.33
2023-12-15 12:00:00,278.9,5.8,213.53
2023-12-15 13:00:00,276.72,5.8,222.0
2023-12-15 14:00:00,281.1,5.67,226.27
2023-12-15 15:00:00,283.3,5.67,222.0
2023-12-15 16:00:00,287.73,5.67,226.27
2023-12-15 17:00:00,287.73,5.67,226.27
2023-12-15 18:00:00,292.19,5.67,230.57
2023-12-15 19:00:00,319.64,5.67,230.57
2023-12-15 20:00:00,355.58,5.67,230.57
2023-12-15 21:00:00,380.55,5.67,234.9
2023-12-15 22:00:00,393.34,5.67,239.25
2023-12-15 23:00:00,358.04,5.67,248.03
2023-12-16 00:00:00,326.68,5.54,261.4
2023-12-16 01:00:00,308.06,5.54,274.99
2023-12-16 02:00:00,303.48,5.54,288.8
2023-12-16 03:00:00,296.68,5.54,293.45
2023-12-16 04:00:00,294.43,5.67,293.45
2023-12-16 05:00:00,294.43,5.54,288.8
2023-12-16 06:00:00,292.19,5.54,284.17
2023-12-16 07:00:00,289.96,5.28,274.99
2023-12-16 08:00:00,289.96,5.28,270.43
2023-12-16 09:00:00,289.96,5.15,265.9
2023-12-16 10:00:00,287.73,5.28,261.4
2023-12-16 11:00:00,289.96,5.15,256.92
2023-12-16 12:00:00,289.96,5.15,252.46
2023-12-16 13:00:00,292.19,5.15,248.03
2023-12-16 14:00:00,294.43,5.15,248.03
2023-12-16 15:00:00,296.68,5.15,243.63
2023-12-16 16:00:00,329.04,5.15,243.63
2023-12-16 17:00:00,365.47,5.15,243.63
2023-12-16 18:00:00,388.2,5.15,243.63
2023-12-16 19:00:00,403.71,5.15,239.25
2023-12-16 20:00:00,403.71,5.15,252.46
2023-12-16 21:00:00,395.92,5.15,261.4
2023-12-16 22:00:00,367.97,5.15,284.17
2023-12-16 23:00:00,321.98,5.15,298.12
2023-12-17 00:00:00,303.48,5.15,312.29
2023-12-17 01:00:00,296.68,5.15,321.86
2023-12-17 02:00:00,296.68,5.15,321.86
2023-12-17 03:00:00,294.43,5.15,312.29
2023-12-17 04:00:00,292.19,5.15,302.82
2023-12-17 05:00:00,292.19,5.15,288.8
2023-12-17 06:00:00,289.96,5.15,270.43
2023-12-17 07:00:00,289.96,5.02,265.9
2023-12-17 08:00:00,292.19,5.02,256.92
2023-12-17 09:00:00,289.96,5.02,256.92
2023-12-17 10:00:00,289.96,4.89,256.92
2023-12-17 11:00:00,292.19,4.89,252.46
2023-12-17 12:00:00,289.96,4.89,252.46
2023-12-17 13:00:00,292.19,4.89,252.46
2023-12-17 14:00:00,289.96,4.89,248.03
2023-12-17 15:00:00,292.19,4.89,243.63
2023-12-17 16:00:00,287.73,4.89,239.25
2023-12-17 17:00:00,283.3,4.89,239.25
2023-12-17 18:00:00,287.73,4.89,239.25
2023-12-17 19:00:00,338.58,4.89,243.63
2023-12-17 20:00:00,393.34,4.89,239.25
2023-12-17 21:00:00,416.85,4.89,243.63
2023-12-17 22:00:00,438.3,4.89,239.25
2023-12-17 23:00:00,395.92,4.89,252.46
2023-12-18 00:00:00,353.13,4.89,270.43
2023-12-18 01:00:00,329.04,4.89,288.8
2023-12-18 02:00:00,314.98,4.89,307.55
2023-12-18 03:00:00,305.77,4.89,317.06
2023-12-18 04:00:00,301.21,4.89,317.06
2023-12-18 05:00:00,296.68,5.02,307.55
2023-12-18 06:00:00,294.43,4.89,298.12
2023-12-18 07:00:00,292.19,4.89,288.8
2023-12-18 08:00:00,292.19,4.64,279.57
2023-12-18 09:00:00,292.19,4.64,274.99
2023-12-18 10:00:00,289.96,4.64,265.9
2023-12-18 11:00:00,287.73,4.64,265.9
2023-12-18 12:00:00,287.73,4.64,261.4
2023-12-18 13:00:00,289.96,4.52,256.92
2023-12-18 14:00:00,278.9,4.52,252.46
2023-12-18 15:00:00,257.42,4.52,252.46
2023-12-18 16:00:00,244.91,4.64,248.03
2023-12-18 17:00:00,234.72,4.64,243.63
2023-12-18 18:00:00,228.7,4.64,239.25
2023-12-18 19:00:00,224.73,4.64,234.9
2023-12-18 20:00:00,287.73,4.64,226.27
2023-12-18 21:00:00,329.04,4.64,217.75
2023-12-18 22:00:00,365.47,4.64,209.33
2023-12-18 23:00:00,383.09,4.64,205.17
2023-12-19 00:00:00,385.64,4.64,209.33
2023-12-19 01:00:00,441.02,4.64,217.75
2023-12-19 02:00:00,471.42,4.64,239.25
2023-12-19 03:00:00,488.41,4.64,256.92
2023-12-19 04:00:00,499.9,4.64,284.17
2023-12-19 05:00:00,474.23,4.64,302.82
2023-12-19 06:00:00,411.57,4.64,331.51
2023-12-19 07:00:00,348.25,4.64,356.05
2023-12-19 08:00:00,294.43,4.52,371.05
2023-12-19 09:00:00,259.53,4.52,381.16
2023-12-19 10:00:00,242.86,4.52,361.03
2023-12-19 11:00:00,228.7,4.52,351.1
2023-12-19 12:00:00,220.8,4.52,331.51
2023-12-19 13:00:00,213.02,4.64,307.55
2023-12-19 14:00:00,214.95,4.64,284.17
2023-12-19 15:00:00,211.1,4.89,256.92
2023-12-19 16:00:00,211.1,4.89,239.25
2023-12-19 17:00:00,213.02,5.02,222.0
2023-12-19 18:00:00,211.1,5.02,205.17
2023-12-19 19:00:00,211.1,5.15,192.83
2023-12-19 20:00:00,211.1,5.67,184.74
2023-12-19 21:00:00,211.1,6.34,180.74
2023-12-19 22:00:00,211.1,6.62,172.82
2023-12-19 23:00:00,211.1,6.48,168.91
2023-12-20 00:00:00,211.1,6.48,165.02
2023-12-20 01:00:00,211.1,6.62,161.16
2023-12-20 02:00:00,211.1,7.04,157.34
2023-12-20 03:00:00,211.1,7.18,157.34
2023-12-20 04:00:00,211.1,7.33,153.54
2023-12-20 05:00:00,211.1,7.18,153.54
2023-12-20 06:00:00,211.1,7.18,149.77
2023-12-20 07:00:00,211.1,7.18,149.77
2023-12-20 08:00:00,222.76,7.18,149.77
2023-12-20 09:00:00,236.74,7.69,149.77
2023-12-20 10:00:00,246.98,8.65,153.54
2023-12-20 11:00:00,253.22,9.41,153.54
2023-12-20 12:00:00,270.21,9.66,157.34
2023-12-20 13:00:00,283.3,10.19,161.16
2023-12-20 14:00:00,294.43,10.46,172.82
2023-12-20 15:00:00,301.21,11.0,180.74
2023-12-20 16:00:00,305.77,11.0,192.83
2023-12-20 17:00:00,308.06,10.46,205.17
2023-12-20 18:00:00,312.67,10.46,213.53
2023-12-20 19:00:00,312.67,10.19,222.0
2023-12-20 20:00:00,338.58,9.93,230.57
2023-12-20 21:00:00,367.97,9.66,234.9
2023-12-20 22:00:00,383.09,9.41,243.63
2023-12-20 23:00:00,395.92,8.9,248.03
2023-12-21 00:00:00,370.47,8.65,256.92
2023-12-21 01:00:00,343.4,8.41,270.43
2023-12-21 02:00:00,314.98,8.16,284.17
2023-12-21 03:00:00,287.73,7.69,293.45
2023-12-21 04:00:00,259.53,7.69,302.82
2023-12-21 05:00:00,244.91,7.47,302.82
2023-12-21 06:00:00,232.71,7.33,293.45
2023-12-21 07:00:00,224.73,7.18,279.57
2023-12-21 08:00:00,220.8,7.04,265.9
2023-12-21 09:00:00,236.74,6.76,252.46
2023-12-21 10:00:00,251.13,6.76,239.25
2023-12-21 11:00:00,257.42,6.62,226.27
2023-12-21 12:00:00,265.91,6.62,217.75
2023-12-21 13:00:00,268.06,6.48,209.33
2023-12-21 14:00:00,278.9,6.34,209.33
2023-12-21 15:00:00,294.43,6.34,209.33
2023-12-21 16:00:00,305.77,6.34,209.33
2023-12-21 17:00:00,319.64,6.07,209.33
2023-12-21 18:00:00,326.68,6.07,213.53
2023-12-21 19:00:00,393.34,6.34,222.0
2023-12-21 20:00:00,416.85,6.48,252.46
2023-12-21 21:00:00,438.3,6.76,261.4
2023-12-21 22:00:00,446.47,7.33,274.99
2023-12-21 23:00:00,457.48,10.19,288.8
2023-12-22 00:00:00,403.71,13.32,307.55
2023-12-22 01:00:00,365.47,14.87,326.67
2023-12-22 02:00:00,296.68,17.17,341.26
2023-12-22 03:00:00,259.53,19.99,356.05
2023-12-22 04:00:00,242.86,25.41,356.05
2023-12-22 05:00:00,228.7,27.07,341.26
2023-12-22 06:00:00,209.18,25.0,321.86
2023-12-22 07:00:00,211.1,21.1,298.12
2023-12-22 08:00:00,211.1,18.2,279.57
2023-12-22 09:00:00,211.1,15.83,256.92
2023-12-22 10:00:00,211.1,14.24,239.25
2023-12-22 11:00:00,214.95,13.32,222.0
2023-12-22 12:00:00,234.72,14.24,209.33
2023-12-22 13:00:00,244.91,15.19,201.03
2023-12-22 14:00:00,270.21,16.16,188.77
2023-12-22 15:00:00,317.3,16.83,184.74
2023-12-22 16:00:00,358.04,16.83,184.74
2023-12-22 17:00:00,353.13,16.83,188.77
2023-12-22 18:00:00,340.99,17.17,192.83
2023-12-22 19:00:00,355.58,16.83,205.17
2023-12-22 20:00:00,383.09,16.5,222.0
2023-12-22 21:00:00,398.51,16.83,252.46
2023-12-22 22:00:00,367.97,18.2,270.43
2023-12-22 23:00:00,314.98,19.27,284.17
2023-12-23 00:00:00,270.21,22.24,298.12
2023-12-23 01:00:00,244.91,24.6,307.55
2023-12-23 02:00:00,228.7,32.34,307.55
2023-12-23 03:00:00,218.84,40.56,302.82
2023-12-23 04:00:00,211.1,48.53,288.8
2023-12-23 05:00:00,211.1,51.33,270.43
2023-12-23 06:00:00,209.18,49.08,252.46
2023-12-23 07:00:00,211.1,47.42,239.25
2023-12-23 08:00:00,209.18,44.72,222.0
2023-12-23 09:00:00,209.18,43.14,213.53
2023-12-23 10:00:00,211.1,43.14,201.03
2023-12-23 11:00:00,230.7,45.26,192.83
2023-12-23 12:00:00,246.98,45.26,188.77
2023-12-23 13:00:00,270.21,43.14,180.74
2023-12-23 14:00:00,294.43,40.05,180.74
2023-12-23 15:00:00,308.06,36.1,184.74
2023-12-23 16:00:00,319.64,32.8,188.77
2023-12-23 17:00:00,329.04,29.65,192.83
2023-12-23 18:00:00,333.8,27.49,201.03
2023-12-23 19:00:00,353.13,26.65,234.9
2023-12-23 20:00:00,353.13,25.41,248.03
2023-12-23 21:00:00,353.13,24.6,256.92
2023-12-23 22:00:00,301.21,23.4,270.43
2023-12-23 23:00:00,263.78,23.01,279.57
2023-12-24 00:00:00,244.91,22.24,288.8
2023-12-24 01:00:00,230.7,21.1,288.8
2023-12-24 02:00:00,224.73,20.36,284.17
2023-12-24 03:00:00,222.76,19.27,279.57
2023-12-24 04:00:00,220.8,18.91,265.9
2023-12-24 05:00:00,220.8,18.2,256.92
2023-12-24 06:00:00,228.7,17.17,243.63
2023-12-24 07:00:00,242.86,16.5,234.9
2023-12-24 08:00:00,251.13,16.16,226.27
2023-12-24 09:00:00,257.42,15.19,222.0
2023-12-24 10:00:00,257.42,14.87,222.0
2023-12-24 11:00:00,259.53,14.55,222.0
2023-12-24 12:00:00,263.78,14.24,226.27
2023-12-24 13:00:00,263.78,13.62,230.57
2023-12-24 14:00:00,263.78,13.32,234.9
2023-12-24 15:00:00,265.91,13.32,234.9
2023-12-24 16:00:00,265.91,13.02,239.25
2023-12-24 17:00:00,270.21,13.02,239.25
2023-12-24 18:00:00,329.04,12.72,239.25
2023-12-24 19:00:00,365.47,12.42,239.25
2023-12-24 20:00:00,383.09,12.42,239.25
2023-12-24 21:00:00,416.85,12.42,243.63
2023-12-24 22:00:00,454.72,11.85,252.46
2023-12-24 23:00:00,474.23,11.85,270.43
2023-12-25 00:00:00,457.48,11.56,288.8
2023-12-25 01:00:00,416.85,11.56,312.29
2023-12-25 02:00:00,432.89,11.56,336.38
2023-12-25 03:00:00,443.74,11.28,361.03
2023-12-25 04:00:00,446.47,11.28,371.05
2023-12-25 05:00:00,451.96,11.28,381.16
2023-12-25 06:00:00,454.72,11.0,381.16
2023-12-25 07:00:00,358.04,10.46,386.24
2023-12-25 08:00:00,301.21,10.19,391.35
2023-12-25 09:00:00,265.91,9.93,391.35
2023-12-25 10:00:00,244.91,9.93,386.24
2023-12-25 11:00:00,232.71,9.93,376.09
2023-12-25 12:00:00,224.73,9.66,351.1
2023-12-25 13:00:00,220.8,9.41,331.51
2023-12-25 14:00:00,240.81,9.41,307.55
2023-12-25 15:00:00,253.22,9.41,284.17
2023-12-25 16:00:00,312.67,9.41,265.9
2023-12-25 17:00:00,401.1,9.41,248.03
2023-12-25 18:00:00,454.72,9.41,234.9
2023-12-25 19:00:00,488.41,8.9,230.57
2023-12-25 20:00:00,502.79,8.9,
2023-12-25 21:00:00,511.51,8.9,256.92
2023-12-25 22:00:00,499.9,8.9,293.45
2023-12-25 23:00:00,424.83,8.65,331.51
2023-12-26 00:00:00,383.09,8.65,366.03
2023-12-26 01:00:00,358.04,8.65,391.35
2023-12-26 02:00:00,343.4,8.65,401.63
2023-12-26 03:00:00,333.8,8.41,396.48
2023-12-26 04:00:00,329.04,8.41,381.16
2023-12-26 05:00:00,326.68,8.41,366.03
2023-12-26 06:00:00,319.64,8.41,346.17
2023-12-26 07:00:00,319.64,8.41,336.38
2023-12-26 08:00:00,317.3,8.41,321.86
2023-12-26 09:00:00,314.98,8.65,312.29
2023-12-26 10:00:00,312.67,8.9,307.55
2023-12-26 11:00:00,303.48,8.65,302.82
2023-12-26 12:00:00,296.68,8.65,298.12
2023-12-26 13:00:00,380.55,8.65,293.45
2023-12-26 14:00:00,416.85,8.41,293.45
2023-12-26 15:00:00,416.85,8.41,288.8
2023-12-26 16:00:00,451.96,8.41,288.8
2023-12-26 17:00:00,477.05,8.41,298.12
2023-12-26 18:00:00,494.14,8.41,307.55
2023-12-26 19:00:00,502.79,9.93,326.67
2023-12-26 20:00:00,605.76,11.0,341.26
2023-12-26 21:00:00,683.89,11.85,366.03
2023-12-26 22:00:00,670.56,13.32,391.35
2023-12-26 23:00:00,502.79,15.83,412.0
2023-12-27 00:00:00,401.1,16.16,448.94
2023-12-27 01:00:00,340.99,16.5,486.9
2023-12-27 02:00:00,317.3,17.17,492.41
2023-12-27 03:00:00,312.67,17.86,475.96
2023-12-27 04:00:00,305.77,17.86,443.6
2023-12-27 05:00:00,301.21,17.17,406.8
2023-12-27 06:00:00,314.98,16.83,371.05
2023-12-27 07:00:00,321.98,16.16,341.26
2023-12-27 08:00:00,333.8,16.16,321.86
2023-12-27 09:00:00,353.13,16.5,307.55
2023-12-27 10:00:00,365.47,16.83,298.12
2023-12-27 11:00:00,370.47,18.2,293.45
2023-12-27 12:00:00,385.64,19.27,293.45
2023-12-27 13:00:00,398.51,21.86,298.12
2023-12-27 14:00:00,401.1,24.2,293.45
2023-12-27 15:00:00,411.57,25.41,298.12
2023-12-27 16:00:00,427.51,26.65,312.29
2023-12-27 17:00:00,432.89,27.07,321.86
2023-12-27 18:00:00,438.3,27.07,331.51
2023-12-27 19:00:00,441.02,27.49,331.51
2023-12-27 20:00:00,441.02,28.78,346.17
2023-12-27 21:00:00,441.02,29.21,356.05
2023-12-27 22:00:00,430.2,28.78,366.03
2023-12-27 23:00:00,424.83,28.78,371.05
2023-12-28 00:00:00,388.2,28.78,376.09
2023-12-28 01:00:00,358.04,27.49,376.09
2023-12-28 02:00:00,343.4,27.07,376.09
2023-12-28 03:00:00,331.42,26.65,376.09
2023-12-28 04:00:00,329.04,25.41,366.03
2023-12-28 05:00:00,326.68,24.6,351.1
2023-12-28 06:00:00,372.98,24.2,341.26
2023-12-28 07:00:00,411.57,23.01,326.67
2023-12-28 08:00:00,432.89,22.24,317.06
2023-12-28 09:00:00,427.51,21.1,312.29
2023-12-28 10:00:00,424.83,20.36,312.29
2023-12-28 11:00:00,424.83,19.27,326.67
2023-12-28 12:00:00,424.83,18.91,336.38
2023-12-28 13:00:00,422.17,18.2,351.1
2023-12-28 14:00:00,414.21,17.86,356.05
2023-12-28 15:00:00,403.71,17.86,361.03
2023-12-28 16:00:00,403.71,16.83,371.05
2023-12-28 17:00:00,401.1,16.5,361.03
2023-12-28 18:00:00,398.51,16.5,361.03
2023-12-28 19:00:00,393.34,16.16,361.03
2023-12-28 20:00:00,401.1,15.83,361.03
2023-12-28 21:00:00,408.94,15.19,356.05
2023-12-28 22:00:00,414.21,14.87,356.05
2023-12-28 23:00:00,414.21,14.55,356.05
2023-12-29 00:00:00,414.21,14.24,356.05
2023-12-29 01:00:00,411.57,13.62,356.05
2023-12-29 02:00:00,411.57,13.32,356.05
2023-12-29 03:00:00,411.57,13.02,356.05
2023-12-29 04:00:00,411.57,13.02,361.03
2023-12-29 05:00:00,411.57,12.72,361.03
2023-12-29 06:00:00,427.51,12.42,361.03
2023-12-29 07:00:00,446.47,12.42,361.03
2023-12-29 08:00:00,468.62,12.42,361.03
2023-12-29 09:00:00,485.56,11.56,366.03
2023-12-29 10:00:00,494.14,11.56,371.05
2023-12-29 11:00:00,502.79,11.28,381.16
2023-12-29 12:00:00,505.69,11.28,391.35
2023-12-29 13:00:00,508.59,11.0,401.63
2023-12-29 14:00:00,511.51,11.0,412.0
2023-12-29 15:00:00,520.3,10.46,427.71
2023-12-29 16:00:00,499.9,10.46,432.98
2023-12-29 17:00:00,471.42,10.46,438.28
2023-12-29 18:00:00,460.25,10.46,443.6
2023-12-29 19:00:00,485.56,10.46,448.94
2023-12-29 20:00:00,499.9,10.46,
2023-12-29 21:00:00,574.53,10.19,438.28
2023-12-29 22:00:00,624.87,10.19,432.98
2023-12-29 23:00:00,647.52,10.19,432.98
2023-12-30 00:00:00,559.21,10.19,443.6
2023-12-30 01:00:00,502.79,9.93,459.69
2023-12-30 02:00:00,474.23,9.93,481.42
2023-12-30 03:00:00,454.72,9.93,492.41
2023-12-30 04:00:00,454.72,9.66,492.41
2023-12-30 05:00:00,451.96,9.66,481.42
2023-12-30 06:00:00,443.74,9.66,465.09
2023-12-30 07:00:00,443.74,9.41,448.94
2023-12-30 08:00:00,454.72,8.9,432.98
2023-12-30 09:00:00,471.42,8.9,422.45
2023-12-30 10:00:00,477.05,8.9,417.21
2023-12-30 11:00:00,479.88,8.65,412.0
2023-12-30 12:00:00,488.41,8.65,412.0
2023-12-30 13:00:00,491.27,8.41,417.21
2023-12-30 14:00:00,491.27,8.41,422.45
2023-12-30 15:00:00,499.9,8.65,417.21
2023-12-30 16:00:00,544.09,8.65,417.21
2023-12-30 17:00:00,624.87,8.65,427.71
2023-12-30 18:00:00,637.77,8.65,448.94
2023-12-30 19:00:00,663.94,8.65,465.09
2023-12-30 20:00:00,721.2,8.65,
2023-12-30 21:00:00,741.94,8.41,497.93
2023-12-30 22:00:00,748.92,8.65,520.22
2023-12-30 23:00:00,755.93,8.65,548.53
2023-12-31 00:00:00,663.94,8.65,577.31
